date,sentiment,neutral_count,positive_count,negative_count,weighted_avg
2020-01-01,2,0,2,23,-0.84
2020-01-02,2,0,1,24,-0.92
2020-01-03,2,0,1,24,-0.92
2020-01-04,2,0,2,23,-0.84
2020-01-05,2,0,2,23,-0.84
2020-01-10,2,0,1,24,-0.92
2020-01-11,2,0,3,22,-0.76
2020-01-12,2,0,1,24,-0.92
2020-01-13,2,0,1,24,-0.92
2020-01-14,2,0,1,24,-0.92
2020-01-15,2,0,1,24,-0.92
2020-01-16,2,0,2,23,-0.84
2020-01-17,2,0,0,25,-1.0
2020-01-18,2,0,0,25,-1.0
2020-01-19,2,0,1,24,-0.92
2020-01-20,2,0,1,24,-0.92
2020-01-23,2,0,1,24,-0.92
2020-01-24,2,0,2,23,-0.84
2020-01-25,2,0,1,24,-0.92
2020-01-26,2,0,3,22,-0.76
2020-01-29,2,0,0,25,-1.0
2020-01-30,2,0,1,24,-0.92
2020-01-31,2,0,2,23,-0.84
2020-02-01,2,0,0,25,-1.0
2020-02-02,2,0,1,24,-0.92
2020-02-03,2,0,3,22,-0.76
2020-02-04,2,0,0,25,-1.0
2020-02-05,2,0,0,25,-1.0
2020-02-06,2,0,3,22,-0.76
2020-02-07,2,0,1,24,-0.92
2020-02-08,2,0,0,25,-1.0
2020-02-12,2,0,0,25,-1.0
2020-02-13,2,1,1,23,-0.88
2020-02-14,2,0,3,22,-0.76
2020-02-15,2,0,0,25,-1.0
2020-02-16,2,0,1,24,-0.92
2020-02-17,2,0,2,23,-0.84
2020-02-18,2,0,1,24,-0.92
2020-02-19,2,0,1,24,-0.92
2020-02-20,2,0,1,24,-0.92
2020-02-21,2,0,1,24,-0.92
2020-02-22,2,0,0,25,-1.0
2020-02-23,2,0,1,24,-0.92
2020-02-24,2,0,2,23,-0.84
2020-02-25,2,0,0,25,-1.0
2020-02-26,2,0,1,24,-0.92
2020-02-27,2,0,3,22,-0.76
2020-02-28,2,0,0,25,-1.0
2020-02-29,2,0,1,24,-0.92
2020-03-01,2,0,1,24,-0.92
2020-03-02,2,0,1,24,-0.92
2020-03-03,2,0,2,23,-0.84
2020-03-04,2,0,3,22,-0.76
2020-03-05,2,0,3,22,-0.76
2020-03-06,2,0,1,24,-0.92
2020-03-07,2,0,3,22,-0.76
2020-03-08,2,0,1,24,-0.92
2020-03-09,2,0,0,25,-1.0
2020-03-15,2,0,1,24,-0.92
2020-03-16,2,0,0,25,-1.0
2020-03-17,2,0,0,25,-1.0
2020-03-18,2,0,2,23,-0.84
2020-03-19,2,0,1,24,-0.92
2020-03-20,2,0,1,24,-0.92
2020-03-21,2,0,1,24,-0.92
2020-03-22,2,0,0,25,-1.0
2020-03-23,2,0,1,24,-0.92
2020-03-24,2,0,0,25,-1.0
2020-03-25,2,0,1,24,-0.92
2020-03-26,2,0,0,25,-1.0
2020-03-27,2,0,0,25,-1.0
2020-03-28,2,0,0,25,-1.0
2020-03-29,2,0,1,24,-0.92
2020-03-30,2,0,0,25,-1.0
2020-03-31,2,0,0,25,-1.0
2020-04-01,2,0,0,25,-1.0
2020-04-02,2,0,2,23,-0.84
2020-04-03,2,0,0,25,-1.0
2020-04-04,2,0,4,21,-0.68
2020-04-07,2,0,0,25,-1.0
2020-04-08,2,0,1,24,-0.92
2020-04-09,2,0,2,23,-0.84
2020-04-10,2,0,0,25,-1.0
2020-04-11,2,0,3,22,-0.76
2020-04-12,2,0,0,25,-1.0
2020-04-13,2,0,2,23,-0.84
2020-04-14,2,0,2,23,-0.84
2020-04-15,2,0,1,24,-0.92
2020-04-16,2,0,2,23,-0.84
2020-04-17,2,0,1,24,-0.92
2020-04-21,2,0,2,23,-0.84
2020-04-22,2,0,1,24,-0.92
2020-04-23,2,0,4,21,-0.68
2020-04-24,2,0,2,23,-0.84
2020-04-25,2,0,1,24,-0.92
2020-04-26,2,0,2,23,-0.84
2020-04-27,2,0,1,24,-0.92
2020-04-28,2,0,1,24,-0.92
2020-04-29,2,0,2,23,-0.84
2020-04-30,2,0,0,25,-1.0
2020-05-03,2,0,0,25,-1.0
2020-05-04,2,0,1,24,-0.92
2020-05-07,2,0,0,25,-1.0
2020-05-08,2,0,1,24,-0.92
2020-05-14,2,0,0,25,-1.0
2020-05-15,2,0,3,22,-0.76
2020-05-22,2,0,0,25,-1.0
2020-05-23,2,0,0,25,-1.0
2020-05-27,2,0,0,25,-1.0
2020-05-31,2,0,1,24,-0.92
2020-06-04,2,0,1,24,-0.92
2020-06-08,2,0,0,25,-1.0
2020-06-09,2,0,1,24,-0.92
2020-06-10,2,0,1,24,-0.92
2020-06-11,2,0,0,25,-1.0
2020-06-12,2,0,2,23,-0.84
2020-06-13,2,1,1,23,-0.88
2020-06-15,2,0,1,24,-0.92
2020-06-16,2,0,0,25,-1.0
2020-06-19,2,0,2,23,-0.84
2020-06-20,2,0,1,24,-0.92
2020-06-30,2,0,0,25,-1.0
2020-07-01,2,0,0,25,-1.0
2020-07-03,2,0,0,25,-1.0
2020-07-04,2,0,0,25,-1.0
2020-07-10,2,0,0,25,-1.0
2020-07-11,2,0,1,24,-0.92
2020-07-13,2,0,0,25,-1.0
2020-07-14,2,0,1,24,-0.92
2020-07-16,2,0,2,23,-0.84
2020-07-17,2,0,1,24,-0.92
2020-07-19,2,0,0,25,-1.0
2020-07-20,2,0,2,23,-0.84
2020-07-24,2,0,2,23,-0.84
2020-07-25,2,0,1,24,-0.92
2020-07-29,2,0,2,23,-0.84
2020-07-30,2,0,2,23,-0.84
2020-07-31,2,0,1,24,-0.92
2020-08-02,2,0,1,24,-0.92
2020-08-03,2,0,1,24,-0.92
2020-08-07,2,0,0,25,-1.0
2020-08-08,2,0,0,25,-1.0
2020-08-09,2,0,0,25,-1.0
2020-08-11,2,0,0,25,-1.0
2020-08-12,2,0,1,24,-0.92
2020-08-13,2,0,1,24,-0.92
2020-08-14,2,0,0,25,-1.0
2020-08-15,2,0,1,24,-0.92
2020-08-16,2,0,1,24,-0.92
2020-08-17,2,0,0,25,-1.0
2020-08-18,2,0,2,23,-0.84
2020-08-21,2,0,0,25,-1.0
2020-08-22,2,0,1,24,-0.92
2020-08-25,2,0,0,25,-1.0
2020-08-26,2,0,0,25,-1.0
2020-08-27,2,0,1,24,-0.92
2020-08-28,2,0,4,21,-0.68
2020-08-29,2,0,2,23,-0.84
2020-08-30,2,0,0,25,-1.0
2020-08-31,2,0,1,24,-0.92
2020-09-01,2,0,0,25,-1.0
2020-09-02,2,0,1,24,-0.92
2020-09-03,2,0,1,24,-0.92
2020-09-04,2,0,0,25,-1.0
2020-09-05,2,0,1,24,-0.92
2020-09-06,2,0,1,24,-0.92
2020-09-07,2,0,1,24,-0.92
2020-09-08,2,0,2,23,-0.84
2020-09-09,2,0,0,25,-1.0
2020-09-10,2,0,1,24,-0.92
2020-09-11,2,0,0,25,-1.0
2020-09-14,2,0,2,23,-0.84
2020-09-15,2,0,0,25,-1.0
2020-09-16,2,0,0,25,-1.0
2020-09-19,2,0,4,21,-0.68
2020-09-20,2,0,2,23,-0.84
2020-09-21,2,0,3,22,-0.76
2020-09-22,2,0,0,25,-1.0
2020-09-23,2,1,1,23,-0.88
2020-09-24,2,0,2,23,-0.84
2020-09-25,2,0,3,22,-0.76
2020-09-26,2,0,0,25,-1.0
2020-09-27,2,0,1,24,-0.92
2020-09-28,2,0,0,25,-1.0
2020-09-29,2,1,1,23,-0.88
2020-09-30,2,1,3,21,-0.72
2020-10-01,2,0,0,25,-1.0
2020-10-02,2,0,0,25,-1.0
2020-10-03,2,0,1,24,-0.92
2020-10-04,2,0,2,23,-0.84
2020-10-05,2,0,2,23,-0.84
2020-10-07,2,0,2,23,-0.84
2020-10-08,2,0,1,24,-0.92
2020-10-11,2,0,1,24,-0.92
2020-10-12,2,0,0,25,-1.0
2020-10-13,2,0,1,24,-0.92
2020-10-14,2,0,1,24,-0.92
2020-10-15,2,0,1,24,-0.92
2020-10-16,2,0,4,21,-0.68
2020-10-17,2,0,2,23,-0.84
2020-10-18,2,0,1,24,-0.92
2020-10-21,2,0,0,25,-1.0
2020-10-22,2,0,2,23,-0.84
2020-10-24,2,0,0,25,-1.0
2020-10-25,2,0,1,24,-0.92
2020-10-27,2,0,1,24,-0.92
2020-10-28,2,0,2,23,-0.84
2020-10-29,2,0,0,25,-1.0
2020-10-30,2,0,3,22,-0.76
2020-10-31,2,0,1,24,-0.92
2020-11-01,2,0,2,23,-0.84
2020-11-02,2,0,1,24,-0.92
2020-11-03,2,0,0,25,-1.0
2020-11-04,2,0,3,22,-0.76
2020-11-05,2,0,1,24,-0.92
2020-11-09,2,0,1,24,-0.92
2020-11-10,2,0,0,25,-1.0
2020-11-11,2,0,1,24,-0.92
2020-11-12,2,0,3,22,-0.76
2020-11-13,2,0,2,23,-0.84
2020-11-14,2,0,0,25,-1.0
2020-11-15,2,0,3,22,-0.76
2020-11-17,2,0,0,25,-1.0
2020-11-24,2,0,2,23,-0.84
2020-11-25,2,0,0,25,-1.0
2020-11-26,2,0,0,25,-1.0
2020-11-27,2,0,0,25,-1.0
2020-11-28,2,0,0,25,-1.0
2020-11-29,2,0,1,24,-0.92
2020-11-30,2,0,2,23,-0.84
2020-12-01,2,0,2,23,-0.84
2020-12-02,2,0,1,24,-0.92
2020-12-03,2,0,0,25,-1.0
2020-12-04,2,0,0,25,-1.0
2020-12-05,2,0,1,24,-0.92
2020-12-06,2,0,0,25,-1.0
2020-12-07,2,0,2,23,-0.84
2020-12-08,2,0,0,25,-1.0
2020-12-09,2,0,1,24,-0.92
2020-12-10,2,0,0,25,-1.0
2020-12-11,2,0,1,24,-0.92
2020-12-12,2,0,1,24,-0.92
2020-12-16,2,0,1,24,-0.92
2020-12-17,2,0,2,23,-0.84
2020-12-18,2,0,1,24,-0.92
2020-12-19,2,0,0,25,-1.0
2020-12-25,2,0,0,25,-1.0
2020-12-26,2,0,3,22,-0.76
2020-12-27,2,0,1,24,-0.92
2020-12-28,2,0,0,25,-1.0
2020-12-31,2,0,3,22,-0.76
2021-01-01,2,0,3,22,-0.76
2021-01-02,2,0,0,25,-1.0
2021-01-03,2,0,2,23,-0.84
2021-01-04,2,0,1,24,-0.92
2021-01-05,2,0,1,24,-0.92
2021-01-06,2,0,3,22,-0.76
2021-01-07,2,0,2,23,-0.84
2021-01-08,2,0,1,24,-0.92
2021-01-09,2,0,1,24,-0.92
2021-01-10,2,0,1,24,-0.92
2021-01-16,2,0,1,24,-0.92
2021-01-17,2,0,1,24,-0.92
2021-01-20,2,0,1,24,-0.92
2021-01-21,2,0,1,24,-0.92
2021-02-01,2,0,3,22,-0.76
2021-02-02,2,0,2,23,-0.84
2021-02-03,2,0,2,23,-0.84
2021-02-04,2,0,0,25,-1.0
2021-02-05,2,0,2,23,-0.84
2021-02-06,2,0,2,23,-0.84
2021-02-07,2,0,1,24,-0.92
2021-02-08,2,0,0,25,-1.0
2021-02-09,2,0,3,22,-0.76
2021-02-10,2,0,1,24,-0.92
2021-02-11,2,0,2,23,-0.84
2021-02-12,2,0,2,23,-0.84
2021-02-13,2,0,1,24,-0.92
2021-02-16,2,0,1,24,-0.92
2021-02-17,2,0,0,25,-1.0
2021-02-18,2,0,0,25,-1.0
2021-02-19,2,0,2,23,-0.84
2021-02-20,2,0,0,25,-1.0
2021-02-21,2,0,1,24,-0.92
2021-02-28,2,0,2,23,-0.84
2021-03-01,2,0,0,25,-1.0
2021-03-02,2,0,0,25,-1.0
2021-03-03,2,0,0,25,-1.0
2021-03-04,2,0,0,25,-1.0
2021-03-05,2,0,0,25,-1.0
2021-03-06,2,0,0,25,-1.0
2021-03-07,2,0,1,24,-0.92
2021-03-08,2,0,0,25,-1.0
2021-03-09,2,0,0,25,-1.0
2021-03-12,2,0,0,25,-1.0
2021-03-13,2,0,0,25,-1.0
2021-03-14,2,0,1,24,-0.92
2021-03-15,2,0,3,22,-0.76
2021-03-16,2,0,1,24,-0.92
2021-03-18,2,0,2,23,-0.84
2021-03-19,2,0,3,22,-0.76
2021-03-20,2,0,1,24,-0.92
2021-03-21,2,0,0,25,-1.0
2021-03-29,2,0,1,24,-0.92
2021-03-30,2,0,1,24,-0.92
2021-03-31,2,0,2,23,-0.84
2021-04-01,2,0,3,22,-0.76
2021-04-02,2,0,1,24,-0.92
2021-04-03,2,0,0,25,-1.0
2021-04-04,2,0,0,25,-1.0
2021-04-05,2,0,0,25,-1.0
2021-04-06,2,0,1,24,-0.92
2021-04-07,2,0,1,24,-0.92
2021-04-08,2,0,1,24,-0.92
2021-04-09,2,0,1,24,-0.92
2021-04-10,2,0,0,25,-1.0
2021-04-12,2,0,2,23,-0.84
2021-04-13,2,0,1,24,-0.92
2021-04-14,2,0,1,24,-0.92
2021-04-15,2,0,1,24,-0.92
2021-04-16,2,0,0,25,-1.0
2021-04-17,2,0,0,25,-1.0
2021-04-18,2,0,1,24,-0.92
2021-04-19,2,0,3,22,-0.76
2021-04-20,2,0,1,24,-0.92
2021-04-21,2,0,0,25,-1.0
2021-04-22,2,0,1,24,-0.92
2021-04-23,2,0,1,24,-0.92
2021-04-24,2,0,0,25,-1.0
2021-04-25,2,0,1,24,-0.92
2021-04-26,2,0,0,25,-1.0
2021-04-27,2,0,0,25,-1.0
2021-04-28,2,0,0,25,-1.0
2021-04-29,2,0,0,25,-1.0
2021-04-30,2,0,1,24,-0.92
2021-05-01,2,0,0,25,-1.0
2021-05-02,2,0,0,25,-1.0
2021-05-03,2,0,3,22,-0.76
2021-05-04,2,0,1,24,-0.92
2021-05-05,2,0,0,25,-1.0
2021-05-06,2,0,0,25,-1.0
2021-05-07,2,0,2,23,-0.84
2021-05-08,2,0,1,24,-0.92
2021-05-09,2,0,0,25,-1.0
2021-05-10,2,0,0,25,-1.0
2021-05-11,2,0,1,24,-0.92
2021-05-12,2,0,0,25,-1.0
2021-05-13,2,0,0,25,-1.0
2021-05-14,2,0,0,25,-1.0
2021-05-15,2,0,1,24,-0.92
2021-05-16,2,0,0,25,-1.0
2021-05-17,2,0,1,24,-0.92
2021-05-18,2,0,1,24,-0.92
2021-05-19,2,0,1,24,-0.92
2021-05-20,2,0,0,25,-1.0
2021-05-21,2,0,0,25,-1.0
2021-05-22,2,0,2,23,-0.84
2021-05-23,2,0,0,25,-1.0
2021-05-24,2,0,1,24,-0.92
2021-05-25,2,0,1,24,-0.92
2021-05-26,2,0,2,23,-0.84
2021-05-27,2,0,1,24,-0.92
2021-05-28,2,0,1,24,-0.92
2021-05-29,2,0,0,25,-1.0
2021-05-30,2,0,3,22,-0.76
2021-05-31,2,0,1,24,-0.92
2021-06-01,2,0,1,24,-0.92
2021-06-04,2,0,2,23,-0.84
2021-06-05,2,0,1,24,-0.92
2021-06-06,2,0,3,22,-0.76
2021-06-07,2,0,0,25,-1.0
2021-06-08,2,0,0,25,-1.0
2021-06-13,2,0,1,24,-0.92
2021-06-14,2,0,2,23,-0.84
2021-06-16,2,0,1,24,-0.92
2021-06-17,2,0,0,25,-1.0
2021-06-19,2,0,1,24,-0.92
2021-06-20,2,0,2,23,-0.84
2021-06-21,2,0,0,25,-1.0
2021-06-22,2,0,1,24,-0.92
2021-06-23,2,0,0,25,-1.0
2021-06-24,2,0,1,24,-0.92
2021-06-25,2,0,2,23,-0.84
2021-06-26,2,0,2,23,-0.84
2021-06-27,2,0,0,25,-1.0
2021-06-28,2,0,2,23,-0.84
2021-06-29,2,0,0,25,-1.0
2021-06-30,2,0,2,23,-0.84
2021-07-01,2,0,1,24,-0.92
2021-07-02,2,0,1,24,-0.92
2021-07-03,2,0,0,25,-1.0
2021-07-04,2,0,2,23,-0.84
2021-07-05,2,0,1,24,-0.92
2021-07-06,2,0,0,25,-1.0
2021-07-07,2,0,0,25,-1.0
2021-07-08,2,0,1,24,-0.92
2021-07-10,2,0,0,25,-1.0
2021-07-11,2,0,3,16,-0.6842105263157900
2021-11-28,2,0,0,25,-1.0
2021-11-29,2,0,2,23,-0.84
2021-11-30,2,0,0,25,-1.0
2021-12-01,2,0,2,23,-0.84
2021-12-02,2,0,0,25,-1.0
2021-12-03,2,0,0,25,-1.0
2021-12-04,2,0,3,22,-0.76
2021-12-05,2,0,1,24,-0.92
2021-12-06,2,0,0,25,-1.0
2021-12-07,2,0,2,23,-0.84
2021-12-08,2,0,0,25,-1.0
2021-12-09,2,0,2,23,-0.84
2021-12-14,2,0,0,25,-1.0
2021-12-15,2,0,1,24,-0.92
2021-12-17,2,0,1,24,-0.92
2021-12-18,2,0,2,23,-0.84
2021-12-20,2,0,1,24,-0.92
2021-12-21,2,0,1,24,-0.92
2021-12-22,2,0,2,23,-0.84
2021-12-23,2,0,2,23,-0.84
2021-12-24,2,0,0,25,-1.0
2021-12-26,2,0,1,24,-0.92
2021-12-27,2,0,3,22,-0.76
2021-12-28,2,0,2,23,-0.84
2021-12-29,2,0,0,25,-1.0
2021-12-30,2,0,4,21,-0.68
2021-12-31,2,0,2,23,-0.84
2022-01-01,2,0,1,24,-0.92
2022-01-02,2,0,2,23,-0.84
2022-01-03,2,0,1,24,-0.92
2022-01-04,2,0,1,24,-0.92
2022-01-09,2,0,2,23,-0.84
2022-01-10,2,0,2,23,-0.84
2022-01-11,2,0,1,24,-0.92
2022-01-12,2,0,2,23,-0.84
2022-01-13,2,0,1,24,-0.92
2022-01-14,2,0,1,24,-0.92
2022-01-17,2,0,1,24,-0.92
2022-01-18,2,0,0,25,-1.0
2022-01-19,2,0,0,25,-1.0
2022-01-20,2,0,2,23,-0.84
2022-01-21,2,0,0,25,-1.0
2022-01-22,2,0,0,25,-1.0
2022-01-29,2,0,1,24,-0.92
2022-01-30,2,0,2,23,-0.84
2022-01-31,2,0,0,25,-1.0
2022-02-01,2,0,0,25,-1.0
2022-02-02,2,0,2,23,-0.84
2022-02-03,2,0,0,25,-1.0
2022-02-04,2,0,3,22,-0.76
2022-02-05,2,0,1,24,-0.92
2022-02-08,2,0,0,25,-1.0
2022-02-09,2,0,0,25,-1.0
2022-02-10,2,0,0,25,-1.0
2022-02-11,2,0,0,25,-1.0
2022-02-12,2,0,2,23,-0.84
2022-02-13,2,0,0,25,-1.0
2022-02-14,2,0,1,24,-0.92
2022-02-15,2,0,1,24,-0.92
2022-02-16,2,0,1,24,-0.92
2022-02-17,2,0,0,25,-1.0
2022-02-18,2,0,0,25,-1.0
2022-02-19,2,0,1,24,-0.92
2022-02-20,2,0,2,23,-0.84
2022-02-21,2,0,2,23,-0.84
2022-02-22,2,0,1,24,-0.92
2022-02-23,2,0,2,23,-0.84
2022-02-24,2,0,1,24,-0.92
2022-02-25,2,0,0,25,-1.0
2022-02-26,2,0,1,24,-0.92
2022-02-27,2,0,1,24,-0.92
2022-02-28,2,0,0,25,-1.0
2022-03-01,2,0,2,23,-0.84
2022-03-02,2,0,2,23,-0.84
2022-03-03,2,0,0,25,-1.0
2022-03-04,2,0,0,25,-1.0
2022-03-05,2,0,0,25,-1.0
2022-03-06,2,0,0,25,-1.0
2022-03-07,2,0,1,24,-0.92
2022-03-08,2,0,1,24,-0.92
2022-03-09,2,0,1,24,-0.92
2022-03-10,2,0,0,25,-1.0
2022-03-11,2,0,0,25,-1.0
2022-03-12,2,0,1,24,-0.92
2022-03-13,2,0,0,25,-1.0
2022-03-14,2,0,1,24,-0.92
2022-03-15,2,0,2,23,-0.84
2022-03-16,2,0,2,23,-0.84
2022-03-17,2,0,0,25,-1.0
2022-03-18,2,0,1,24,-0.92
2022-03-19,2,0,0,25,-1.0
2022-03-20,2,0,0,25,-1.0
2022-03-21,2,0,0,25,-1.0
2022-03-22,2,0,0,25,-1.0
2022-03-23,2,0,1,24,-0.92
2022-03-24,2,0,1,24,-0.92
2022-03-25,2,0,1,24,-0.92
2022-03-26,2,0,0,25,-1.0
2022-03-27,2,0,1,24,-0.92
2022-03-28,2,0,1,24,-0.92
2022-03-29,2,0,0,25,-1.0
2022-03-30,2,0,0,25,-1.0
2022-03-31,2,0,2,23,-0.84
2022-04-01,2,0,3,22,-0.76
2022-04-02,2,0,0,25,-1.0
2022-04-03,2,0,5,20,-0.6
2022-04-04,2,0,0,25,-1.0
2022-04-05,2,0,3,22,-0.76
2022-04-06,2,0,0,25,-1.0
2022-04-07,2,0,3,22,-0.76
2022-04-08,2,0,0,25,-1.0
2022-04-09,2,0,2,23,-0.84
2022-04-10,2,0,0,25,-1.0
2022-04-11,2,0,1,24,-0.92
2022-04-12,2,0,1,24,-0.92
2022-04-13,2,0,0,25,-1.0
2022-04-14,2,0,1,24,-0.92
2022-04-25,2,0,1,24,-0.92
2022-04-26,2,0,0,25,-1.0
2022-04-27,2,0,2,23,-0.84
2022-05-04,2,0,2,23,-0.84
2022-05-05,2,0,1,24,-0.92
2022-05-06,2,1,0,24,-0.96
2022-05-07,2,0,0,25,-1.0
2022-05-08,2,0,2,23,-0.84
2022-05-09,2,0,0,25,-1.0
2022-05-10,2,0,1,24,-0.92
2022-05-11,2,0,3,22,-0.76
2022-05-12,2,0,0,25,-1.0
2022-05-13,2,0,0,25,-1.0
2022-05-18,2,0,2,23,-0.84
2022-05-19,2,0,0,25,-1.0
2022-05-21,2,0,0,25,-1.0
2022-05-22,2,0,2,23,-0.84
2022-05-23,2,0,1,24,-0.92
2022-05-24,2,0,1,24,-0.92
2022-05-25,2,0,0,25,-1.0
2022-06-22,2,0,1,24,-0.92
2022-06-23,2,0,1,24,-0.92
2022-06-24,2,0,2,23,-0.84
2022-06-28,2,0,0,25,-1.0
2022-06-29,2,0,0,25,-1.0
2022-06-30,2,0,0,25,-1.0
2022-07-01,1,1,24,0,0.96
2022-07-02,1,0,25,0,1.0
2022-07-03,1,0,25,0,1.0
2022-07-04,1,0,25,0,1.0
2022-07-07,1,0,25,0,1.0
2022-07-14,1,0,25,0,1.0
2022-07-23,1,0,25,0,1.0
2022-07-24,1,0,25,0,1.0
2022-07-25,1,0,24,1,0.92
2022-07-26,1,0,25,0,1.0
2022-07-27,1,0,24,1,0.92
2022-07-28,1,0,24,1,0.92
2022-07-29,1,0,25,0,1.0
2022-07-30,1,0,25,0,1.0
2022-07-31,1,0,25,0,1.0
2022-08-01,1,0,25,0,1.0
2022-08-02,1,0,25,0,1.0
2022-08-03,1,0,25,0,1.0
2022-08-04,1,0,25,0,1.0
2022-08-05,1,0,25,0,1.0
2022-08-06,1,0,25,0,1.0
2022-08-07,1,1,24,0,0.96
2022-08-08,1,0,25,0,1.0
2022-08-09,1,0,25,0,1.0
2022-08-10,1,0,25,0,1.0
2022-08-11,1,0,25,0,1.0
2022-08-12,1,0,25,0,1.0
2022-08-13,1,0,24,1,0.92
2022-08-14,1,0,25,0,1.0
2022-08-17,1,1,24,0,0.96
2022-08-18,1,0,25,0,1.0
2022-08-19,1,1,24,0,0.96
2022-08-20,1,1,24,0,0.96
2022-08-21,1,0,25,0,1.0
2022-08-22,1,1,24,0,0.96
2022-09-23,1,0,25,0,1.0
2022-09-24,1,1,24,0,0.96
2022-09-25,1,0,25,0,1.0
2022-09-26,1,0,25,0,1.0
2022-09-27,1,0,25,0,1.0
2022-09-28,1,0,25,0,1.0
2022-09-29,1,0,24,1,0.92
2022-09-30,1,1,24,0,0.96
2022-10-01,1,0,25,0,1.0
2022-10-02,1,0,25,0,1.0
2022-10-03,1,0,25,0,1.0
2022-10-04,1,0,25,0,1.0
2022-10-05,1,0,25,0,1.0
2022-10-06,1,1,24,0,0.96
2022-10-07,1,0,25,0,1.0
2022-10-08,1,0,25,0,1.0
2022-10-11,1,0,25,0,1.0
2022-10-12,1,0,25,0,1.0
2022-10-13,1,0,25,0,1.0
2022-10-14,1,0,25,0,1.0
2022-10-15,1,1,24,0,0.96
2022-10-16,1,0,24,1,0.92
2022-10-17,1,0,25,0,1.0
2022-10-18,1,0,25,0,1.0
2022-10-19,1,0,24,1,0.92
2022-10-20,1,0,25,0,1.0
2022-10-21,1,0,25,0,1.0
2022-10-22,1,0,25,0,1.0
2022-10-23,1,0,25,0,1.0
2022-10-24,1,0,25,0,1.0
2022-10-25,1,0,25,0,1.0
2022-10-26,1,0,25,0,1.0
2022-10-30,1,0,25,0,1.0
2022-10-31,1,1,24,0,0.96
2022-11-02,1,5,14,6,0.32
2022-11-03,1,3,14,8,0.24
2022-11-04,1,1,15,9,0.24
2022-11-05,2,2,8,15,-0.28
2022-11-06,1,0,19,6,0.52
2022-11-08,2,7,8,10,-0.08
2022-11-09,2,8,8,9,-0.04
2022-11-10,1,7,13,5,0.32
2022-11-11,2,5,9,11,-0.08
2022-11-12,1,3,14,8,0.24
2022-11-13,1,7,13,5,0.32
2022-11-14,2,3,10,12,-0.08
2022-11-15,1,6,12,7,0.2
2022-11-17,1,4,12,9,0.12
2022-11-18,1,6,10,9,0.04
2022-11-19,2,2,7,16,-0.36
2022-11-20,1,8,15,2,0.52
2022-11-21,1,8,13,4,0.36
2022-11-22,1,1,16,8,0.32
2022-11-26,1,3,12,10,0.08
2022-11-27,1,4,12,9,0.12
2022-11-28,1,4,12,9,0.12
2022-11-30,2,4,10,11,-0.04
2022-12-01,1,7,13,5,0.32
2022-12-06,1,3,12,10,0.08
2022-12-07,1,4,12,9,0.12
2022-12-08,0,5,10,10,0.0
2022-12-09,2,7,6,12,-0.24
2022-12-10,1,4,14,7,0.28
2022-12-11,1,6,13,6,0.28
2022-12-12,1,3,15,7,0.32
2022-12-13,1,3,13,9,0.16
2022-12-14,1,3,16,6,0.4
2022-12-15,1,6,13,6,0.28
2022-12-16,1,6,10,9,0.04
2022-12-17,1,2,13,10,0.12
2022-12-18,1,0,13,12,0.04
2022-12-19,1,7,11,7,0.16
2022-12-20,1,2,17,6,0.44
2022-12-21,0,1,12,12,0.0
2022-12-22,1,3,16,6,0.4
2022-12-23,1,0,19,6,0.52
2022-12-24,1,4,18,3,0.6
2022-12-28,1,3,13,9,0.16
2022-12-29,2,4,10,11,-0.04
2022-12-30,2,0,11,14,-0.12
2022-12-31,1,3,18,4,0.56
2023-01-01,1,1,14,10,0.16
2023-01-02,0,1,12,12,0.0
2023-01-03,2,2,10,13,-0.12
2023-01-04,1,1,17,7,0.4
2023-01-05,2,2,11,12,-0.04
2023-01-06,1,2,12,11,0.04
2023-01-07,1,1,13,11,0.08
2023-01-08,1,1,14,10,0.16
2023-01-09,1,5,9,5,0.21052631578947400
2023-01-10,1,1,15,9,0.24
2023-01-11,1,1,14,10,0.16
2023-01-12,0,3,11,11,0.0
2023-01-13,1,2,16,7,0.36
2023-01-14,1,2,17,6,0.44
2023-01-15,2,5,8,12,-0.16
2023-01-16,2,1,11,13,-0.08
2023-01-17,2,2,11,12,-0.04
2023-01-18,1,2,15,8,0.28
2023-01-19,2,5,9,11,-0.08
2023-01-20,1,4,17,4,0.52
2023-01-21,2,6,9,10,-0.04
2023-01-22,1,0,15,10,0.2
2023-01-23,1,2,14,9,0.2
2023-01-24,1,2,13,10,0.12
2023-01-25,2,2,10,13,-0.12
2023-01-26,1,2,13,10,0.12
2023-01-27,1,3,16,6,0.4
2023-01-28,1,2,17,6,0.44
2023-01-29,1,1,14,10,0.16
2023-01-30,1,1,13,11,0.08
2023-01-31,2,1,11,13,-0.08
2023-02-01,2,2,10,13,-0.12
2023-02-02,2,3,8,14,-0.24
2023-02-03,1,4,11,10,0.04
2023-02-04,1,1,15,9,0.24
2023-02-05,0,3,11,11,0.0
2023-02-06,2,2,11,12,-0.04
2023-02-07,2,4,10,11,-0.04
2023-02-08,2,1,11,13,-0.08
2023-02-09,0,9,9,7,0.08
2023-02-10,2,5,9,11,-0.08
2023-02-11,1,1,15,9,0.24
2023-02-12,0,1,12,12,0.0
2023-02-13,1,2,14,9,0.2
2023-02-14,1,3,14,8,0.24
2023-02-15,1,4,12,9,0.12
2023-02-16,2,3,8,14,-0.24
2023-02-20,1,2,12,11,0.04
2023-02-21,1,4,15,6,0.36
2023-02-22,1,0,17,8,0.36
2023-02-23,2,3,10,12,-0.08
2023-02-24,1,5,12,8,0.16
2023-02-25,2,4,10,11,-0.04
2023-02-26,1,0,15,10,0.2
2023-02-27,1,2,12,11,0.04
2023-02-28,1,2,13,10,0.12
2023-03-01,2,0,11,14,-0.12
2023-03-02,1,2,12,11,0.04
2023-03-03,1,2,14,9,0.2
2023-03-04,1,4,11,10,0.04
2023-03-05,1,3,14,8,0.24
2023-03-06,1,5,13,7,0.24
2023-03-07,1,3,13,9,0.16
2023-03-08,0,1,12,12,0.0
2023-03-10,2,2,11,12,-0.04
2023-03-11,0,5,10,10,0.0
2023-03-14,1,0,13,12,0.04
2023-03-15,2,1,8,16,-0.32
2023-03-16,2,5,9,11,-0.08
2023-03-20,1,2,14,9,0.2
2023-03-21,2,3,9,13,-0.16
2023-03-22,1,8,10,7,0.12
2023-03-23,2,5,9,11,-0.08
2023-03-24,1,3,12,10,0.08
2023-03-25,1,2,17,6,0.44
2023-03-31,2,2,9,14,-0.2
2023-04-01,2,2,8,15,-0.28
2023-04-02,0,3,11,11,0.0
2023-04-09,1,2,12,11,0.04
2023-04-10,1,5,13,7,0.24
2023-04-11,1,3,12,10,0.08
2023-04-12,1,4,11,10,0.04
2023-04-14,1,6,10,9,0.04
2023-04-15,1,0,15,10,0.2
2023-04-16,1,4,14,7,0.28
2023-04-17,1,3,12,10,0.08
2023-04-18,1,2,12,11,0.04
2023-04-19,1,2,16,7,0.36
2023-04-20,1,2,16,7,0.36
2023-04-21,1,1,16,8,0.32
2023-04-22,1,4,13,8,0.2
2023-04-23,1,4,14,7,0.28
2023-04-24,2,5,9,11,-0.08
2023-04-25,1,2,15,8,0.28
2023-04-26,1,4,13,8,0.2
2023-04-27,1,1,15,9,0.24
2023-04-28,1,3,15,7,0.32
2023-04-29,2,1,9,15,-0.24
2023-04-30,1,1,16,8,0.32
2023-05-01,1,5,12,8,0.16
2023-05-04,2,3,9,13,-0.16
2023-05-05,1,5,12,8,0.16
2023-05-06,1,2,18,5,0.52
2023-05-07,2,5,9,11,-0.08
2023-05-08,1,5,13,7,0.24
2023-05-09,2,4,10,11,-0.04
2023-05-11,0,1,12,12,0.0
2023-05-12,1,1,18,6,0.48
2023-05-13,1,2,14,9,0.2
2023-05-14,1,2,16,7,0.36
2023-05-15,1,5,12,8,0.16
2023-05-16,1,2,17,6,0.44
2023-05-17,2,3,9,13,-0.16
2023-05-18,1,3,17,5,0.48
2023-05-19,2,1,11,13,-0.08
2023-05-20,1,0,13,12,0.04
2023-05-21,1,6,11,8,0.12
2023-05-24,1,1,13,11,0.08
2023-05-25,1,3,14,8,0.24
2023-05-26,1,3,12,10,0.08
2023-05-27,2,4,7,14,-0.28
2023-06-06,1,2,12,8,0.18181818181818200
2023-06-07,1,1,15,9,0.24
2023-06-09,2,4,8,13,-0.2
2023-06-10,2,8,5,12,-0.28
2023-06-11,1,2,14,9,0.2
2023-06-12,2,0,12,13,-0.04